<?xml version='1.0' encoding='utf-8'?>
<!DOCTYPE TEI.2 SYSTEM "http://texts.thlib.org/cocoon/texts/catalogs/xtib3.dtd">
<TEI.2>
	<teiHeader lang="eng">
		<fileDesc>
			<titleStmt>
				<title lang="tib" n="main">ཐེག་པའི་མཆོག་རིན་པོ་ཆེའི་མཛོད།</title>
				<title lang="tib" n="cover">ཐེག་པའི་མཆོག་རིན་པོ་ཆེའི་མཛོད།</title>
				<title lang="san" rend="script:deva"><!--Title San--></title>
				<title lang="san" n="cover" rend="script:tib"><!--Cover Title San in Tib--></title>
				<title lang="san" n="cover" rend="script:lanydza"><!--Cover Title San in Lanydza--></title>
				<title lang="tib" n="spine"/>
				<title lang="tib" n="margin"/>
				<author>ཀློང་ཆེན་རབ་འབྱམས་པ།</author>
			</titleStmt>
			<publicationStmt n="digital-file">
				<respStmt n="creation">
					<resp>Creator</resp>
					<name n="agent"/>
					<date n="start"/>
					<date n="end"/>
					<name type="place"><geogName>Lhasa Input Center</geogName></name>
				</respStmt>
				<respStmt n="proofing">
					<resp>Proofer</resp>
					<name n="agent">Tsering Gyurme, and then Tibet U.</name>
					<date n="start"/>
					<date n="end">2010</date>
					<name type="place"><geogName/></name>
				</respStmt>
				<respStmt n="proofing">
					<resp>Second Proofer</resp>
					<name n="agent"><!--Name of Proofreader2--></name>
					<date n="start"><!--Date Proofreading2 Began--></date>
					<date n="end"><!--Date Proofreading2 Finished--></date>
					<name type="place"><geogName><!--Place of Proofreading2--></geogName></name>
				</respStmt>
				<respStmt n="markup">
					<resp>Markup</resp>
					<name n="agent">Chris Hatchell</name>
					<date n="start">2005-07-01</date>
					<date n="end">2008-03-25</date>
					<name type="place"><geogName>Charlottesville, VA</geogName></name>
				</respStmt>
				<respStmt n="markup">
					<resp>Second Markup</resp>
					<name n="agent"><!--Name of Markup-er2--></name>
					<date n="start"><!--Date Markup2 Began--></date>
					<date n="end"><!--Date Markup2 Finished--></date>
					<name type="place"><geogName><!--Place of Markup2--></geogName></name>
				</respStmt>
				<respStmt n="conversion">
					<resp>Conversion</resp>
					<name n="agent"/>
					<date n="start"/>
					<date n="end"/>
					<name type="place"><geogName/></name>
				</respStmt>
				<publisher id="thdl"> 
					<orgName>Tibetan &amp; Himalayan Library</orgName>
					<address>
						<addrLine rend="url">http://www.thlib.org/</addrLine>
					</address>
				</publisher>
				<pubPlace>
					<orgName type="university">University of Virginia</orgName>
					<placeName>
						<settlement type="city">Charlottesville</settlement> 
						<region type="state">Virginia</region> 
						<num type="zipcode">22904</num> 
					</placeName> 
				</pubPlace>
				<date>2020-12-03</date>
			</publicationStmt>
			<sourceDesc>
				<!-- Cover page full contents -->
				<p n="cover-page" lang="tib">ཐེག་པའི་མཆོག་རིན་པོ་ཆེའི་མཛོད་བཞུགས་སྷོ།། ས་དྷུ་དྲི་ཤྱ་ཧོ།། དགེའོ།།</p>
				<!--The Bibliographic Information of the Original Text or Journal if from a print publication-->
				<biblFull n="original">
					<titleStmt n="collection">
						<title lang="tib">མཛོད་བདུན།</title>
					</titleStmt>
					<extent> 
						<num n="vol">1
							<rs type="vol-letter" lang="tib"><!--Volume Letter--></rs></num> 
						<num type="page-range"/> 
						<num type="total-pages">1-697, 1-601 (chapters 1-25)</num> </extent>
					<publicationStmt>
						<publisher>a ’dzom chos sgar</publisher>
						<pubPlace>dkar mdzes bod rigs rang skyong khul, dpal yul rdzong, a 'dzom chos sgar</pubPlace>
						<date/>
						<idno type="isbn"/>
						<idno type="call-number"/>
						<idno type="other"/>
					</publicationStmt>
				</biblFull>
				<p n="problems">See JIRA</p>
			</sourceDesc>
		</fileDesc>
		<profileDesc>
			<langUsage>
				<language id="ara">Arabic</language>
				<language id="bur">Burmese</language>
				<language id="chi">Chinese</language>
				<language id="dzo">Dzongkha</language>
				<language id="eng">English</language>
				<language id="fre">French</language>
				<language id="ger">German</language>
				<language id="hin">Hindi</language>
				<language id="ind">Indonesian</language>
				<language id="ita">Italian</language>
				<language id="jpn">Japanese</language>
				<language id="kor">Korean</language>
				<language id="lao">Lao</language>
				<language id="lat">Latin</language>
				<language id="mal">Malayalam</language>
				<language id="mnc">Manchu</language>
				<language id="mon">Mongolian</language>
				<language id="nxq">Naxi</language>
				<language id="nep">Nepali</language>
				<language id="non-tib">Non-Tibetan Language</language>
				<language id="pli">Pali</language>
				<language id="pan">Panjabi</language>
				<language id="per">Persian</language>
				<language id="pol">Polish</language>
				<language id="rus">Russian</language>
				<language id="san">Sanskrit</language>
				<language id="sin">Sinhala</language>
				<language id="spa">Spanish</language>
				<language id="tam">Tamil</language>
				<language id="tel">Telugu</language>
				<language id="tha">Thai</language>
				<language id="tib">Tibetan</language>
				<language id="tur">Turkish</language>
				<language id="urd">Urdu</language>
				<language id="vie">Vietnamese</language>
			</langUsage>
		</profileDesc>
	</teiHeader>
	<text>
	<body><head><num>2</num> གཞུང་།</head><div n="1"><head><num>2.3</num> འཁོར་བའི་ཆོས་རབ་ཏུ་དབྱེ་བ་སྟེ་རིམ་ཁང་གསུམ་པ།</head><p><rs type="sabcad">དེ་ལྟར་གདུལ་ཞིང་སྣོད་བཅུད་ཀྱི་རིམ་པ་བསྟན་ནས། ད་ནི་རྡོ་རྗེའི་གནས་གསུམ་པོ་དེ་དག་གི་ཁམས་ལ་ཡོད་པའི་ཆོས་ཀྱི་ཕུང་པོ་ལ་སོགས་པའི་རྣམ་གྲངས་དབྱེ་བ་ནི། </rs><title level="m" type="external">ཉི་ཟླ་ཁ་སྦྱོར་གྱི་རྒྱུད་</title>ལས། </p><quote><lg><l>ཁམས་རྣམས་དང་ནི་ཕུང་པོ་དང༌། །</l><l>སྐྱེ་མཆེད་རྣམས་དང་དབང་པོ་དང༌། །</l><l>ཡུལ་དང་ཡུལ་ཅན་ཤེས་པ་རྣམས། །</l><l>ཇི་ལྟར་གནས་པ་གཏན་ལ་དབབ། །</l></lg></quote><p><rs type="sabcad">ཅིས་</rs><note type="footnote"> <hi>ཅེས་ (SG).</hi></note><rs type="sabcad">གསུངས་པའི་དོན་ལ་ལྔ་སྟེ། ཡུལ་ཁམས་ཀྱི་དབྱེ་བ། རྟེན་ཕུང་པོའི་རང་བཞིན། རྣམ་པ་སྐྱེ་མཆེད་ཀྱི་ཁྱད་པར། འཛིན་བྱེད་དབང་པོའི་ངོ་བོ། ཡུལ་དང་ཡུལ་ཅན་གྱི་རྣམ་</rs><milestone unit="page" n="28b" ed="My"></milestone><rs type="sabcad">པའོ། །</rs></p><div n="2"><head><num>2.3.1</num> ཡུལ་ཁམས་ཀྱི་དབྱེ་བ།</head><p><rs type="sabcad">དང་པོ་ནི། </rs>མང་ཞིང་རྒྱ་ཆེ་བའི་དོན་<milestone unit="page" n="75" ed="Ad"></milestone>གྱིས་ན་ཁམས་ཞེས་བྱ་སྟེ། </p><p><rs type="sabcad">དབྱེ་ན། ཕྱི་ཡུལ་གྱིས་བསྡུས་པ་དང༌། ནང་སེམས་ཀྱིས་བསྡུས་པ་གཉིས་ལས། </rs></p><div n="3"><head><num>2.3.1.1</num> ཕྱི་ཡུལ་གྱིས་བསྡུས་པ།</head><p><rs type="sabcad">དང་པོ་ནི། </rs>འབྱུང་བ་ལྔ་སྟེ། གཟུགས་ཅན་སྐྱེད་ཅིང་གནས་པ་དང༌འཇིག་པའི་རྒྱུ་རྐྱེན་དང་རྟེན་དང་ངོ་བོ་བྱེད་པ་ཡིན་ནོ། །དེ་ཡང་སའི་མཚན་ཉིད་སྲ་ཞིང་འཐས་པ། ཆུའི་མཚན་ཉིད་རླན་ཞིང་གཤེར་བ། མེའི་མཚན་ཉིད་ཚ་ཞིང་བསྲེག་པ། རླུང་གི་མཚན་ཉིད་གཡོ་ཞིང་འདེགས་པ། ནམ་མཁའི་མཚན་ཉིད་ཡངས་ཤིང་གོ་འབྱེད་པའོ། །དེ་དག་གིས་སྣོད་བཅུད་སྐྱེད་ཅིང་འཛིན་པ་སྟེ། <title level="m" type="external">དེ་ཉིད་</title>ལས།</p><quote><p>ཕྱི་ཡུལ་གྱིས་བསྡུས་པའི་ཁམས་ནི་ལྔ་སྟེ། སའི་ཁམས་ཀྱིས་ལུས་ཀྱི་གཞི་སྐྱེད་པས་ན་ཁམས་སོ། །ཆུའི་ཁམས་ཀྱིས་མིང་དུ་འཛིན་པས་ན་ཁམས་སོ། །མེའི་ཁམས་ཀྱིས་ཡུལ་རྣམས་སྨིན་པར་བྱེད་པས་ན་ཁམས་སོ། །རླུང་གི་ཁམས་ཀྱིས་གཡོ་བའི་འཇིག་རྟེན་ཐམས་ཅད་བརྟེན་པས་ན་ཁམས་སོ། །ནམ་མཁའི་ཁམས་ཀྱིས་དབང་པོ་རྣམས་འཛིན་པར་བྱེད་པས་ན་<milestone unit="page" n="5" ed="Dg"></milestone>ཁམས་སོ།། </p></quote><p><app><lem wit="">ཅེས་</lem><rdg wit="Nd">ཞེས་</rdg></app>སོ། །</p></div><div n="3"><head><num>2.3.1.2</num> ནང་སེམས་ཀྱིས་བསྡུས་པ།</head><p><rs type="sabcad">ནང་སེམས་ཀྱིས་བསྡུས་པའི་ཁམས་ནི། སྣོད་དང་བཅུད་</rs><note type="footnote"> I was not able to locate this second division 2.3.1.2.1 <hi>བཅུད་</hi><hi> </hi>in the text. David did not locate it either when making his outline. It seems that this part is not represented in the text as we have it.</note><rs type="sabcad">དུ་སྣང་བ་གཉིས་ལས། </rs></p><div n="4"><head><num>2.3.1.2.1</num> སྣོད།</head><p><rs type="sabcad">སྣོད་ནི་ལས་ཀྱིས་བསགས་པས་ཡུལ་ལྟར་སྣང་བ་སྟེ། དབྱེ་ན། ཕྱི་ཡུལ་སྣང་སེམས་ཀྱི་འཁྲུལ་པ་ལས་བྱུང་བ་དང༌། ནང་སེམས་སྣང་རྩལ་ལས་རང་བཞིན་དུ་ཤར་བ་གཉིས་སོ། །</rs></p><div n="5"><head><num>2.3.1.2.1.1</num> ཕྱི་ཡུལ་སྣང་སེམས་ཀྱི་འཁྲུལ་པ་ལས་བྱུང་བ།</head><p><rs type="sabcad">དང་པོ་ནི། </rs>ཡུལ་སྣང་སེམས་ཀྱི་བག་ཆགས་ཏེ་རྨི་ལམ་བཞན་ནོ། །དབྱེ་ན། འདོད་པའི་ཡུལ་གླིང་བཞི་ལ་<milestone unit="page" n="76" ed="Ad"></milestone>སོགས་པ་དང༌། གཟུགས་ཀྱི་ཡུལ་འོད་ལྔ་རང་གསལ་འཇའ་ཚོན་ལྟ་བུ་དང༌། གཟུགས་མེད་པའི་ཡུལ་ཏིང་ངེ་འཛིན་རང་སྤྲུལ་གཞན་ལ་མི་སྣང་བ་རྣམས་ཏེ། <title level="m" type="external">ཉི་ཟླ་ཁ་སྦྱོར་</title>ལས། </p><quote><p>ནང་སེམས་ཀྱིས་བསྡུས་པའི་ཁམས་ལ་གཉིས་ཏེ། སེམས་ཅན་སྡུད་པར་བྱེད་པའི་སྣོད་ཀྱི་ཁམས་དང༌། སེམས་ཉིད་ལས་བྱུང་བའི་ཁམས་ཉིད་དོ། །སྣོད་ཀྱི་ཁམས་ནི། སེམས་ཅན་དྲན་པ་གཞི་ཆེ་བ་ལས་བྱུང་བའི་གཟུགས་ཀྱི་ཁམས་<milestone unit="page" n="29a" ed="My"></milestone>དང་། དྲན་པ་ཡས་པ་ལས་བྱུང་བའི་གཟུགས་མེད་པའི་ཁམས་དང༌། དྲན་པ་གུད་དུ་འཛིན་པ་ལས་བྱུང་བའི་འདོད་པའི་ཁམས་སོ།། </p></quote><p><app><lem wit="">ཅེས་</lem><rdg wit="Nd">ཞེས་</rdg></app>སོ། །</p></div><div n="5"><head><num>2.3.1.2.1.2</num> ནང་སེམས་སྣང་རྩལ་ལས་རང་བཞིན་དུ་ཤར་བ།</head><p><rs type="sabcad">གཉིས་པ་ནང་སེམས་སྣང་རྩལ་ལས་རང་བཞིན་དུ་ཤར་བ་ནི། </rs>རིག་པ་ཡོད་པས་དེ་ལ་སྒྲིབ་བྱེད་ཀྱི་རང་རྩལ་མ་རིག་པ་ཀུན་གཞི་དང༌། དེ་ལ་བརྟེན་པ་ཀུན་གཞི་རྣམ་པར་ཤེས་པའི་སེམས་དང༌། ཡིད་དང་དབང་པོ་སྒོ་ལྔའི་ཤེས་པར་བྱུང་བ་ནི། གསེར་གྱི་ས་གཞིར་ཏ་ལའི་ལྗོན་ཤིང་ཆགས་ཏེ་ཡལ་ག་དང་མེ་ཏོག་དང་འདབ་མ་བྱུང་བ་བཞིན་ནོ། །</p><p><rs type="sabcad">འདི་ལ་དབྱེ་ན། ཡུལ་དང༌། དབང་ཤེས། ཚོར་བ་གསུམ་ལས། </rs></p><div n="6"><head><num>2.3.1.2.1.2.1</num> ཡུལ།</head><p><rs type="sabcad">ཡུལ་ནི། </rs>སྐབས་འདིར་ཤེས་པ་དྲུག་གི་སྔ་ལོགས་པའི་ཤེས་པ་ཙམ་པོ་ད་ལྟར་བའི་ཡུལ་དུ་བཏགས་པས་ན་དབང་རྟེན་དྲུག་གི་མིང་ནས་བརྗོད་པ་ཡིན་ཏེ། དབང་རྟེན་ཡང་མིག་ལ་སོགས་པའི་<app><lem wit="">བརྟེན་</lem><rdg wit="Nd">རྟེན་</rdg></app>གྱི་སྒྲས་གོ་བར་བརྗོད་པས། ཤེས་པ་ལ་མིག་ལ་སོགས་པའི་ཁམས་སུ་བཏགས་པ་དྲུག་གོ །</p></div><div n="6"><head><num>2.3.1.2.1.2.2</num> དབང་ཤེས།</head><p><rs type="sabcad">དབང་ཤེས་ནི། </rs>མིག་ལ་སོགས་པའི་ད་ལྟར་བའི་ཤེས་<milestone unit="page" n="77" ed="Ad"></milestone>པ་དྲུག་གོ །</p></div><div n="6"><head><num>2.3.1.2.1.2.3</num> ཚོར་བ།</head><p><rs type="sabcad">ཚོར་བ་ནི། </rs>མ་འོངས་པའི་ཆ་སྟེ་རྣམ་པ་དྲུག་གོ །ཡུལ་གང་ལ་རྣམ་ཤེས་འཇུག་ཀྱང༌། སྔ་ལོགས་པའི་<milestone unit="page" n="6" ed="Dg"></milestone>ཤེས་པ་དྲུག་གང་རུང་གི་རྒྱུན་ཡོད་པ་ནི་ཡུལ་ཞེས་བྱའོ། །དེ་ཉིད་སྐད་ཅིག་གིས་དེའི་རྣམ་པར་འཛིན་པ་ནི། ད་ལྟའི་ཤེས་པའོ། །དེའི་རྗེས་ལ་བདེ་སྡུག་བར་མ་གསུམ་གང་རུང་དུ་ཚོར་བ་ནི་འདུས་ཏེ་རེག་པའི་ཚོར་བ་ཞེས་བྱའོ། །དེའང་ཡུལ་དང་ཤེས་པ་འདུས་པ་ལས་དེའི་རྣམ་པར་ཚོར་བའི་ཕྱིར་རོ། །དེ་ལྟར་དྲུག་ཚན་གསུམ་ལ་རྣམ་གྲངས་བཅོ་བརྒྱད་དུ་དབྱེ་བ་ནི། <title level="m" type="external">དེ་ཉིད་</title>ལས། </p><quote><p>སེམས་ཉིད་ལས་བྱུང་བའི་ཁམས་ནི། ཤེས་པ་རང་གསལ་གྱི་ཆ་ལས་བྱུང་བའི་མིག་གི་ཁམས་དང༌། ཤེས་པ་རྩེ་གཅིག་པ་ལས་བྱུང་བའི་རྣ་བའི་ཁམས་དང༌། ཤེས་པ་མཐའ་ཡས་པ་ལས་བྱུང་བའི་སྣའི་ཁམས་དང༌། ཤེས་པ་རྣམས་གཅིག་ཏུ་འདུས་པ་ལས་བྱུང་བའི་ལྕེའི་ཁམས་དང༌། <milestone unit="page" n="29b" ed="My"></milestone>ཤེས་པ་ཀུན་ཏུ་འཇུག་པ་ལས་བྱུང་བའི་ཡིད་ཀྱི་ཁམས་དང༌། ཤེས་པ་རྣམས་ཀྱི་རྟེན་བྱེད་པ་ལས་བྱུང་བའི་ལུས་ཀྱི་ཁམས་དང༌། མིང་དང་ཁ་དོག་འཛིན་པས་ན་མིག་གི་རྣམ་པར་ཤེས་པའི་ཁམས་དང༌། གྲུབ་པའི་ལས་འཛིན་པར་བྱེད་པའི་རྣ་བའི་རྣམ་པར་ཤེས་པའི་ཁམས་དང༌། གཞན་རྗེས་སུ་འཛིན་པར་བྱེད་པའི་སྣའི་རྣམ་པར་ཤེས་པའི་ཁམས་དང༌། དངོས་པོ་ཉམས་སུ་མྱོང་བར་བྱེད་པའི་ལྕེའི་རྣམ་པར་ཤེས་པའི་ཁམས་དང༌། དངོས་པོ་དང་དངོས་པོ་མེད་པ་ཐམས་ཅད་ལ་ཁྱབ་པར་བྱེད་པའི་ཡིད་ཀྱི་རྣམ་པར་ཤེས་པའི་ཁམས་<milestone unit="page" n="78" ed="Ad"></milestone>དང༌། ཐམས་ཅད་ཀྱི་དོན་སྡུད་པར་བྱེད་པས་ན་ལུས་ཀྱི་རྣམ་པར་ཤེས་པའི་ཁམས་དང༌། དངོས་པོ་རྣམས་ལ་ལོག་པར་རྟོགས་པ་འཛིན་ཅིང་ཡུལ་སྒྲུབ་པས་ན་མིག་གི་འདུས་ཏེ་རེག་པའི་ཁམས་དང༌། རྣ་བ་ཡིད་འཛིན་ཅིང་འཕྲོ་བ་སྒྲུབ་པར་བྱེད་པས་ན་རྣ་བའི་འདུས་ཏེ་རེག་པའི་ཁམས་དང༌། ཡས་པའི་ཤེས་པ་རྣམས་གཅིག་ཏུ་སྡུད་ཅིང་གཞན་གྱིས་ཡིད་འཕྲོག་པར་བྱེད་པས་ན་སྣའི་འདུས་ཏེ་རེག་པའི་ཁམས་དང༌། གང་གིས་དངོས་པོ་རྣམས་རྗེས་སུ་འཛིན་ཅིང་ཉེ་བར་ལེན་པས་ན་ལྕེའི་འདུས་ཏེ་རེག་པའི་ཁམས་དང༌། དྲན་པ་ཐམས་ཅད་གཅིག་ཏུ་སྡུད་ཅིང་ཡུལ་ཀུན་ལ་འཇུག་པས་ན་ཡིད་ཀྱི་འདུས་ཏེ་རེག་པའི་ཁམས་དང༌། རགས་པ་དུ་མ་རྣམས་འཛིན་ཅིང་འབྱུང་བ་རྣམས་འདུས་<milestone unit="page" n="7" ed="Dg"></milestone>པས་ན་ལུས་ཀྱི་འདུས་ཏེ་རེག་པའི་ཁམས་སོ། །དེའི་ཕྱིར་ན་ཁམས་དེ་དག་རྣམས་ཀྱང་ཡུལ་འཛིན་པར་བྱེད་པ་ཡིན་ནོ། །དེ་ཡང་འཁྲུལ་པ་ཉིད་ནང་དུ་འཛིན་པའི་ཆ་ལས་བྱུང་བའོ།། </p></quote><p><app><lem wit="">ཅེས་</lem><rdg wit="Nd">ཞེས་</rdg></app>སོ། །</p></div></div></div></div></div><div n="2"><head><num>2.3.2</num> རྟེན་ཕུང་པོའི་རང་བཞིན།</head><p><rs type="sabcad">གཉིས་པ་རྟེན་ཕུང་པོའི་རང་བཞིན་</rs>འདུས་ཤིང་འཕུངས་པ་ལྟར་འཚོགས་པ་གཅིག་ཏུ་གྱུར་བའི་ཆ་ནས་ཕུང་པོ་ཞེས་བྱ་སྟེ། </p><p><rs type="sabcad">དབྱེ་ན། རྟོག་པ་དང་བཅས་པའི་ཕུང་པོ་དང༌། རྟོག་པ་མེད་པའི་ཕུང་པོ་གཉིས་ལས། </rs></p><div n="3"><head><num>2.3.2.1</num> རྟོག་པ་དང་བཅས་པའི་ཕུང་པོ།</head><p><rs type="sabcad">དང་པོ་ནི། </rs>ཟག་བཅས་འཇིག་རྟེན་པ་སོ་སོ་སྐྱེ་བོའི་ཕུང་པོ་ལྔ་སྟེ། གཞིག་<milestone unit="page" n="30a" ed="My"></milestone>ཅིང་གཞོམ་དུ་རུང་བ་གཟུགས་ཀྱི་ཕུང་པོ་དང༌། མྱོང་ཞིང་སྲེད་པར་གྱུར་བ་ཚོར་བའི་ཕུང་པོ་དང༌། གཡོ་ཞིང་ཡུལ་ལ་འཇུག་པ་འདུ་ཤེས་ཀྱི་ཕུང་པོ་དང༌། བྱེད་ཅིང་བག་ཆགས་སོག་<milestone unit="page" n="79" ed="Ad"></milestone>པ་འདུ་བྱེད་ཀྱི་ཕུང་པོ་དང༌། རིག་ཅིང་ཡུལ་དུ་བྱེད་པ་རྣམ་པར་ཤེས་པའི་ཕུང་པོའོ། །</p></div><div n="3"><head><num>2.3.2.2</num> རྟོག་པ་མེད་པའི་ཕུང་པོ།</head><p><rs type="sabcad">རྟོག་པ་མེད་པའི་ཕུང་པོ་ནི། </rs>འཕགས་པ་འཇིག་རྟེན་ལས་འདས་པ་རྣམས་ཀྱི་སོ་སོ་རང་གི་རིག་པའི་ཆ་ལ་གནས་པ་ལྔ་སྟེ། ཞི་གནས་དང་། ལྷག་མཐོང་གི་རང་བཞིན་ཏིང་ངེ་འཛིན་གྱི་ཕུང་པོ་དང༌། རང་རང་གི་ཉོན་མོངས་པ་ལས་གྲོལ་བ་ཡེ་ཤེས་ཀྱི་ཕུང་པོ་དང༌། རང་དང་སྤྱིའི་རང་བཞིན་གཟིགས་པ་ཤེས་རབ་ཀྱི་ཕུང་པོ་དང༌། དྲི་མའི་ཕྱོགས་ལས་རྣམ་པར་དག་པ་ཚུལ་ཁྲིམས་ཀྱི་ཕུང་པོ་དང༌། སྤྲོས་པ་དང་རྟོག་པ་ལས་གྲོལ་བ་རྣམ་པར་གྲོལ་བའི་ཕུང་པོའོ། །འདི་དག་གིའང་སློབ་ལམ་གྱིས་བསྡུས་པའི་ཆ་རྣམས་དོར་ནས་གོང་དུ་བགྲོད་པ་ཙམ་གྱི་ཆ་ནས་སྤང་བྱའི་ཕྱོགས་སུ་བརླན་པའོ། །མི་སློབ་པའི་དུས་ཀྱི་ཡོན་ཏན་ནི་དེ་ལྟར་མ་ཡིན་ནོ། །གཅིག་ཏུ་ན་གྲོལ་བའི་ཚེ་ཕུང་པོ་ཞེས་པའི་མིང་དུའང་མི་གནས་ཏེ། ཕུང་པོ་དག་ལས་ཤིན་ཏུ་རྣམ་པར་གྲོལ་བ་ཞེས་འབྱུང་བའི་ཕྱིར་ཕྱོགས་གཅིག་ཏུ་བརྗོད་ཀྱང་འགལ་བ་མེད་པར་ཤེས་པར་བྱའོ། །ཇི་སྐད་དུ་<title level="m" type="external">ཉི་ཟླ་ཁ་སྦྱོར་</title>ལས། </p><quote><p>ཕུང་པོ་རྣམས་ནི་འདི་ལྟ་སྟེ། རྟོག་པས་སྤགས་པའི་ཕུང་པོ་དང༌། རྟོག་པ་རྣམས་རང་བཞིན་གྱིས་མེད་པའི་ཕུང་པོའོ། །</p><p rend="cont">རྟོག་པས་སྤགས་པའི་ཕུང་པོ་ནི། འདི་ལྟ་སྟེ། དངོས་པོ་ཐམས་ཅད་གཅིག་ཏུ་འདུས་ཏེ་གྲུབ་པས་ན་གཟུགས་ཀྱི་<milestone unit="page" n="8" ed="Dg"></milestone>ཕུང་པོ་དང༌། ཉམས་སུ་མྱོང་བ་ཐམས་ཅད་གཅིག་ཏུ་འདུས་པས་ན་ཚོར་བའི་ཕུང་པོ་དང༌། དབང་པོ་རྣམས་ཀྱི་འཛིན་པ་གཅིག་ཏུ་<milestone unit="page" n="80" ed="Ad"></milestone>འདུས་པས་ན་འདུ་ཤེས་ཀྱི་ཕུང་པོ་དང༌། ཕྲ་བའི་ཉོན་མོངས་པ་རྣམས་འདུས་པས་ན་འདུ་བྱེད་ཀྱི་ཕུང་པོ་དང༌། ཤེས་པ་ཐམས་ཅད་འདུས་པས་ན་རྣམ་པར་ཤེས་པའི་ཕུང་པོའོ། །</p><p rend="cont">མི་རྟོག་པའི་ཕུང་པོ་ནི་འདི་ལྟ་སྟེ། བསམ་གཏན་ཐམས་ཅད་<milestone unit="page" n="30b" ed="My"></milestone>འདུས་པས་ན་ཏིང་ངེ་འཛིན་གྱི་ཕུང་པོ་དང༌། རིག་པ་ཉིད་ཟག་པ་ཟད་པའི་ཕྱིར་རྣམ་པར་གྲོལ་བ་ཡེ་ཤེས་ཀྱི་ཕུང་པོ་དང༌། དེ་ཉིད་ཀྱི་དོན་སྐྱེ་མེད་དུ་སྣང་བས་ན་ཤེས་རབ་ཀྱི་ཕུང་པོ་དང༌། དྲི་མ་རྣམས་མངོན་དུ་དག་པའི་ཕྱིར་ཚུལ་ཁྲིམས་ཀྱི་ཕུང་པོ་དང༌། རྣམ་པར་རྟོག་པ་ཐམས་ཅད་ལས་འདས་པའི་ཕྱིར་རྣམ་པར་གྲོལ་བའི་ཕུང་པོའོ།། </p></quote><p><app><lem wit="">ཅེས་</lem><rdg wit="Nd">ཞེས་</rdg></app>སོ།། །།</p></div></div><div n="2"><head><num>2.3.3</num> རྣམ་པ་སྐྱེ་མཆེད་ཀྱི་ཁྱད་པར།</head><p><rs type="sabcad">གསུམ་པ་རྣམ་པ་སྐྱེ་མཆེད་ཀྱི་ཁྱད་པར་ནི། </rs>གང་ཞིག་གང་ལས་སྐྱེ་ཞིང་མཆེད་པར་གྱུར་པས་སྐྱེ་མཆེད་ཅེས་བྱ་སྟེ། </p><p><rs type="sabcad">དབྱེ་ན། </rs>ཡུལ་གྱི་རྣམ་པ་ལས་རང་གི་སྐད་ཅིག་ཕྱི་ལོགས་ཀྱི་རྒྱུན་དང་དེ་འཛིན་བྱེད་ཀྱི་ཤེས་པ་གཉིས་སྐྱེ་ཞིང་མཆེད་པར་བྱེད་པ་མིག་གི་གཟུང་ཡུལ་གཟུགས་ལ་སོགས་པ་དྲུག་དང༌། ཤེས་པའི་རྣམ་པ་ལས་སྐད་ཅིག་ཕྱི་ལོགས་སུ་སྐྱེ་ཞིང་ཡུལ་ལ་མཆེད་རུང་དུ་སྐྱེས་པ་གཟུགས་ལ་གཟུགས་སུ་ཤེས་པ་མིག་གི་རྣམ་ཤེས་ལ་སོགས་པ་དྲུག་སྟེ། སྐྱེ་མཆེད་བཅུ་གཉིས་སུ་གནས་པ་ནི། ཡང་<title level="m" type="external">དེ་ཉིད་</title>ལས། </p><quote><p>སྐྱེ་མཆེད་ནི་གཉིས་ཏེ། བཟུང་བའི་སྐྱེ་མཆེད་དང༌། འཛིན་པའི་སྐྱེ་མཆེད་དོ། །</p><p rend="cont">དེ་ཡང་གཟུགས་ལ་འདུ་ཤེས་སུ་སེམས་པ་དང༌། སྒྲ་ལ་འདུ་ཤེས་སུ་སེམས་པ་དང༌། དྲི་ལ་འདུ་ཤེས་སུ་སེམས་པ་<milestone unit="page" n="81" ed="Ad"></milestone>དང༌། རོ་ལ་འདུ་ཤེས་སུ་སེམས་པ་དང༌། ཆོས་ལ་འདུ་ཤེས་སུ་སེམས་པ་དང༌། རེག་ལ་འདུ་ཤེས་སུ་སེམས་པ་དང༌། མིག་གི་བཟུང་བའི་ཆ་དང༌། རྣ་བའི་བཟུང་བའི་ཆ་དང༌། སྣའི་བཟུང་བའི་ཆ་དང༌། ལྕེའི་བཟུང་བའི་ཆ་དང༌། ཡིད་ཀྱི་བཟུང་བའི་ཆ་དང༌། ལུས་ཀྱི་བཟུང་བའི་ཆ་སྟེ་བཅུ་གཉིས་སོ།། </p></quote><p><app><lem wit="">ཅེས་</lem><rdg wit="Nd">ཞེས་</rdg></app>སོ། །</p></div><div n="2"><head><num>2.3.4</num> འཛིན་བྱེད་དབང་པོའི་ངོ་བོ།</head><p><rs type="sabcad">བཞི་པ་འཛིན་བྱེད་དབང་པོའི་ངོ་བོ་ནི། </rs>ཡུལ་འཛིན་པ་ལ་དབང་བྱེད་པས་ན་དབང་པོ་ཞེས་བྱ་སྟེ། </p><p><rs type="sabcad">དབྱེ་ན་གཟུགས་ཅན་དང་</rs><milestone unit="page" n="9" ed="Dg"></milestone><rs type="sabcad">པོའི་ཆ་ལས་བྱུང་བ་དང༌། ཤེས་རབ་ཀྱི་ཆ་ལས་བྱུང་བ་གཉིས་ལས། </rs></p><div n="3"><head><num>2.3.4.1</num> གཟུགས་དང་པོའི་ཆ་ལས་བྱུང་བ།</head><p><rs type="sabcad">དང་པོ་ནི། </rs>རགས་པ་ཕུང་པོ་གཟུགས་ཅན་དང་པོའི་བདག་རྐྱེན་ལས་བྱུང་བ། གཟུགས་ལ་འཛིན་ནུས་སུ་སྐྱེད་པ་མིག་གི་དབང་པོ་<milestone unit="page" n="31a" ed="My"></milestone>ལ་སོགས་པ་ལྔ། རྣམ་པར་རིག་བྱེད་ཤེས་པ་དང་པོའི་གཟུགས་ཅན་གྱི་བདག་རྐྱེན་ལས་བྱུང་བ་ཡིད་ཀྱི་དབང་པོ་དང་དྲུག་གོ །</p></div><div n="3"><head><num>2.3.4.2</num> ཤེས་རབ་ཀྱི་ཆ་ལས་བྱུང་བ།</head><p><rs type="sabcad">གཉིས་པ་ནི། </rs>ཡུལ་ལ་སྤྱོད་ནུས་སུ་སྐྱེས་པའི་ཤེས་པའི་ཆ་སྟེ། དད་པ་ལ་སོགས་པ་རྣམ་པ་དྲུག་གོ །ཡང་<title level="m" type="external">ཉི་ཟླ་ཁ་སྦྱོར་</title>ལས། </p><quote><p>དབང་པོ་ནི་གཉིས་ཏེ། གཟུགས་ཀྱི་ཆ་ལས་བྱུང་བའི་དབང་པོ་དང༌། ཤེས་རབ་ཀྱི་ཆ་ལས་བྱུང་བའི་དབང་པོའོ། །</p><p rend="cont">གཟུགས་ཀྱི་ཆ་ལས་བྱུང་བའི་དབང་པོ་ནི་དྲུག་སྟེ། རགས་པ་སའི་ཆ་འཛིན་པ་མིག་གི་དབང་པོ་དང༌། སྐྱོད་པ་རླུང་གི་ཆ་འཛིན་པ་རྣ་བའི་དབང་པོ་དང༌། སྡུད་པ་ཆུའི་ཆ་འཛིན་པ་སྣའི་དབང་པོ་དང༌། སྨིན་པ་མེའི་ཆ་འཛིན་པ་ལྕེའི་དབང་པོ་དང༌། ཁྱབ་པ་ནམ་མཁའི་ཆ་འཛིན་པ་ཡིད་ཀྱི་དབང་པོ་<milestone unit="page" n="82" ed="Ad"></milestone>དང༌། འདུས་པ་སྣ་ཚོགས་པའི་ཆ་འཛིན་པ་ལུས་ཀྱི་དབང་པོའོ། །</p><p rend="cont">ཤེས་རབ་ཀྱི་ཆ་ལས་བྱུང་བའི་དབང་པོ་ནི་དྲུག་སྟེ། སེམས་རྣམ་པར་གདུང་བ་དད་པའི་དབང་པོ་དང༌། སེམས་རྣམ་པར་རྣོ་བའི་ཆ་ལས་བྱུང་བ་བརྩོན་འགྲུས་ཀྱི་དབང་པོ་དང༌། བར་མ་ཆད་པར་ཚིག་དོན་འཛིན་པ་དྲན་པའི་དབང་པོ་དང༌། ཆོས་ཉིད་སྟོང་པ་མངོན་དུ་སློང་བ་ཉེ་བར་ལེན་པའི་དབང་པོ་དང༌། ལྟ་བའི་དོན་ཉེ་བར་ལེན་པ་ཤེས་རབ་ཀྱི་དབང་པོ་དང༌། མི་རྟོག་པའི་དོན་ཉེ་བར་བསྐྱེད་པར་བྱེད་པ་སེམས་རྣམ་པར་ཞི་བའི་དབང་པོའོ།། </p></quote><p><app><lem wit="">ཅེས་</lem><rdg wit="Nd">ཞེས་</rdg></app>སོ། །</p></div></div><div n="2"><head><num>2.3.5</num> ཡུལ་དང་ཡུལ་ཅན་གྱི་རྣམ་པ།</head><p><rs type="sabcad">ལྔ་པ་ཡུལ་དང་ཡུལ་ཅན་གྱི་རྣམ་པ་ནི། </rs>གཟུང་བ་དང་འཛིན་པའི་རྣམ་པར་སྐྱེས་པ་སྟེ། </p><p><rs type="sabcad">དབྱེ་ན། </rs>གཟུང་ཡུལ་དངོས་པོར་སྣང་བ་ཆོས་ཅན་གྱི་ཆ་དང༌། དེའི་རང་བཞིན་སྟོང་པ་ཆོས་ཉིད་ཀྱི་ཆ་སྟེ་ཡུལ་དང་། ཡུལ་མ་ཡིན་པ་ཡུལ་ཅན་ཤེས་པ་སྟེ། དེ་ཡང་ཡུལ་ལ་འཆར་ཡང་མཐར་འཛིན་ཐམས་ཅད་དང་བྲལ་བ་དང༌། ཡུལ་ལ་འཆར་བ་མ་ཡིན་ཞིང་བརྗོད་པ་ལས་འདས་པའི་བློ་དམ་པ་སྟེ། <title level="m" type="external">སྔ་མ་དེ་ཉིད་</title>ལས། </p><quote><p>ཡུལ་ནི་གཉིས་ཏེ། དངོས་པོའི་ཡུལ་དང༌། སྟོང་<milestone unit="page" n="0" ed="Dg"></milestone>པ་ཉིད་ཀྱི་ཡུལ་ལོ། །</p><quote><p>དངོས་པོའི་ཡུལ་ནི་འདི་ལྟ་སྟེ། གཟུགས་དང༌། སྒྲ་དང༌། དྲི་དང༌། རོ་དང༌། <milestone unit="page" n="31b" ed="My"></milestone>ཆོས་དང༌། རེག་ཏུ་སྣང་བ་དང༌། འབྱུང་བ་ཆེན་པོ་བཞིར་སྣང་བ་དང༌། འཇུག་པའི་རྐྱེན་ཐ་དད་དུ་སྣང་བ་རྣམས་སོ། །</p><p rend="cont">སྟོང་པའི་ཡུལ་ནི། སྟོང་པ་ཉིད་ཐམས་ཅད་དང༌། མཐར་འཛིན་པའི་ཤེས་པ་ཐམས་ཅད་དང་བྲལ་བའོ། །ཡུལ་མ་ཡིན་པ་<milestone unit="page" n="83" ed="Ad"></milestone>ནི་གཉིས་ཏེ། མཐའ་ལས་འདས་པ་རྣམས་དང༌། ལྟ་བ་ལས་འདས་པའོ། །མཐའ་ལས་འདས་པ་ཞེས་བྱ་བ་ནི། དངོས་པོ་ཐམས་ཅད་ལ་བདག་ཏུ་མི་འཛིན་པའོ། །ལྟ་བ་ལས་འདས་པ་ཞེས་བྱ་བ་ནི། བརྗོད་དུ་མེད་པ་ཞེས་བྱའོ།། </p></quote></quote><p><app><lem wit="">ཅེས་</lem><rdg wit="Nd">ཞེས་</rdg></app>སོ། །</p><p>དེ་ལྟར་རྣམ་པར་དབྱེ་བ་རྣམས་ནི། སྒྱུ་མ་དང་། རྨི་ལམ་ལྟར་དོན་དུ་སྣང་བ་ཉིད་ནས་མ་གྲུབ་ལ། ངོ་བོ་ཉིད་ཀྱིས་སྟོང་ཞིང་མེད་པ་གསལ་སྣང་གི་འཁྲུལ་སྣང་ཙམ་སྟེ། སེམས་ཉིད་རང་བྱུང་ཡེ་ཤེས་ཀྱི་ངོ་བོ་མ་རིག་པ་ལས་བྱུང་ཞིང༌། ངོ་བོ་སྒྲིབ་བྱེད་དུ་སྐྱེས་ལ། འདི་དག་གི་འཁྲུལ་སྣང་སངས་པ་ན་དྲི་མ་མེད་པའི་འོད་གསལ་མངོན་དུ་གྱུར་པ་ཞེས་བྱའོ། །</p><p>ད་ལྟ་ནི། འདི་དག་ལས་དང་ཉོན་མོངས་པས་སྐྱེད་པའི་རང་བཞིན་ལས་དང་ཉོན་མོངས་ཉིད་ཀྱི་ངོ་ཁ་ལ་བརྟེན་ཞིང་གནས་ལ། དེ་ཡང་ཚུལ་བཞིན་མ་ཡིན་པའི་ཀུན་ཏུ་རྟོག་པ་རྣམ་ཤེས་ཚོགས་དྲུག་གམ་བདུན་ཀུན་གཞི་དང་བཅས་པ་ལ་བརྟེན་ཞིང་། དེ་ཉིད་རང་བྱུང་གི་ཡེ་ཤེས་སེམས་ཀྱི་དེ་ཁོ་ན་ཉིད་རང་བཞིན་རྣམ་དག་ལ་གནས་ལ། དེ་ནི་གང་ལའང་མི་གནས་པས་རང་བྱུང་གི་ཡེ་ཤེས་ཞེས་བྱ་སྟེ། <title level="m" type="external">རྒྱུད་བླ་མ་</title>ལས། </p><quote><lg><l>ས་ནི་ཆུ་ལ་ཆུ་རླུང་ལ། །</l><l>རླུང་ནི་མཁའ་ལ་རབ་ཏུ་གནས། །</l><l>མཁའ་ནི་རླུང་དང་ཆུ་དག་དང༌། །</l><l>ས་ཡི་ཁམས་ལ་གནས་མ་ཡིན། །</l></lg><lg><l>དེ་བཞིན་ཕུང་པོ་ཁམས་དབང་རྣམས། །</l><l>ལས་དང་ཉོན་མོངས་དག་ལ་བརྟེན། །</l><l>ལས་དང་ཉོན་མོངས་ཚུལ་བཞིན་མིན། །</l><l>ཡིད་ལ་བྱེད་ལ་རྟག་ཏུ་གནས། །<milestone unit="page" n="84" ed="Ad"/></l></lg><lg><l>ཚུལ་བཞིན་མ་ཡིན་ཡིད་བྱེད་ནི། །</l><l>སེམས་ཀྱི་དག་པ་ལ་རབ་གནས། །</l><l>སེམས་ཀྱི་རང་བཞིན་ཆོས་རྣམས་ནི། །</l><l>ཐམས་ཅད་ལ་ཡང་གནས་མ་ཡིན། །</l></lg></quote><p><app><lem wit="">ཅེས་</lem><rdg wit="Nd">ཞེས་</rdg></app>སོ། །</p><p><milestone unit="page" n="32a" ed="My"></milestone>དེ་ལ་ལས་ནི་རྣམ་པར་<milestone unit="page" n="1" ed="Dg"></milestone>དཀར་བ་དང༌། གནག་པ་དང༌། འདྲེས་མ་གསུམ་མམ། བསོད་ནམས་དང༌། བསོད་ནམས་མ་ཡིན་པ་དང༌། མི་གཡོ་བའི་ལས་གསུམ་མོ། །བསོད་ནམས་ཀྱི་ལས་ནི། སྐབས་འདིར་འཁོར་བའི་བདེ་འབྲས་སྐྱེད་པ་དགེ་བ་བཅུ་ལ་སོགས་པ་བསོད་ནམས་ཆ་མཐུན་པ་རྣམས་སོ། །བསོད་ནམས་མ་ཡིན་པ་ནི། མི་དགེ་བ་བཅུ་དང་<app><lem wit="">འཚམས་</lem><rdg wit="Nd">མཚམས་</rdg></app>མེད་པ་ལྔ་ལ་སོགས་པའོ། །མི་གཡོ་བ་ནི། ཁམས་གོང་མའི་སར་སྐྱེད་པའི་ལས་ཏེ་གཞན་དུ་མི་གཡོ་བར་འབྲས་བུ་འབྱིན་པའི་ཕྱིར་རོ། །ཉོན་མོངས་པ་ནི་དྲུག་སྟེ། <title level="m" type="external">ཉི་ཟླ་ཁ་སྦྱོར་</title>ལས། </p><quote><p>ཉོན་མོངས་པ་ནི་དྲུག་སྟེ། མ་རིག་པ་ཞེས་པ་ནི་གཞི་འཁྲུལ་རྟོག་གི་ཆ་འཛིན་པའོ། །གཏི་མུག་ནི་ཤེས་རབ་ཀྱི་ཆ་ལས་འཁྲུལ་པའོ། །ཞེ་སྡང་ནི་སྐྱེད་པའི་རིམ་པའི་ཆ་ལས་འཁྲུལ་པའོ། །ང་རྒྱལ་ནི་ལྟ་བའི་ཆ་ལས་འཁྲུལ་པའོ། །འདོད་ཆགས་ནི་སྣང་བའི་ཆ་ལས་འཁྲུལ་པའོ། །ཕྲག་དོག་ནི་མ་རྟོགས་པའི་ཆ་ལས་འཁྲུལ་པའོ། །དེ་དག་ལ་སོགས་ཏེ་ཉོན་མོངས་པ་ནི་བསམ་པ་རྣམས་རྗེས་སུ་འཛིན་པའི་སེམས་དང༌། དྲན་པ་རྣམས་རྗེས་སུ་འཛིན་པའི་ཡིད་དང༌། <app><lem wit="">འཚམས་</lem><rdg wit="Nd">མཚམས་</rdg></app>སྦྱོར་བའི་བག་ཆགས་དང་ཐེ་ཚོམ་ཐམས་ཅད་ཀྱི་གཞིར་གྱུར་པའི་རྟོག་པ་དང༌། ཡུལ་དང་དངོས་པོ་འཛིན་པའི་ཆ་<milestone unit="page" n="85" ed="Ad"></milestone>ལ་སོགས་ཏེ་དཔག་ཏུ་མེད་དོ།། </p></quote><p>ཅེས་སོ། །</p><p>རྣམ་པར་དབྱེ་ན་རྟོག་ཚོགས་ཀྱི་རིམ་པས་བརྒྱད་ཁྲི་བཞི་སྟོང་སྟེ། འདོད་ཆགས་དང༌། ཞེ་སྡང་དང༌། གཏི་མུག་དང༌། དེ་དག་ཆ་མཉམ་པ་ལ་ཉི་ཁྲི་ཆིག་སྟོང་ཆིག་སྟོང་ཡོད་དོ། །དེ་ཐམས་ཅད་ཀྱང་མེད་པ་ལ་བདག་ཏུ་འཛིན་པ་སྨིག་རྒྱུ་ལ་ཆུར་འཁྲུལ་པ་ལྟ་བུ་ལས་བྱུང་ཞིང་། ཐག་པ་ལ་སྦྲུལ་འཛིན་འདྲ་སྟེ། སྣོད་བཅུད་དང་ཉོན་མོངས་པ་ཐམས་ཅད་མེད་པ་གསལ་སྣང་གི་སྣང་བར་ཤར་བ་ཉིད། <title level="m" type="external">མུ་ཏིག་ཕྲེང་བ་</title>ལས། </p><quote><lg><l>དེ་ལྟར་སྣང་བ་སྣ་ཚོགས་རྣམས། །</l><l>ཐག་པ་ལ་ནི་སྦྲུལ་མཐོང་བཞིན། །</l><l>དེ་མ་ཡིན་ལ་དེར་བཟུང་བས། །</l><l>ཕྱི་ནང་སྣོད་བཅུད་<milestone unit="page" n="32b" ed="My"></milestone>གཉིས་སུ་ཆགས། །</l></lg><lg><l>དེ་ཡང་བརྟགས་ན་ཐག་པ་ཉིད། །</l><l>སྣོད་བཅུད་ཡེ་ནས་སྟོང་པ་སྟེ། །</l><l>དོན་དམ་ཀུན་རྫོབ་<milestone unit="page" n="2" ed="Dg"></milestone>གཟུགས་ཅན་ནོ། །</l><l>སྦྲུལ་མཐོང་དེ་ཉིད་མཐོང་བས་བདེན། །</l><l>ཐག་མཐོང་ཡང་དག་ཉིད་དུ་བདེན། །</l><l>དཔེར་ན་མཐོ་ལ་བྱ་གནས་བཞིན། །</l></lg><lg><l>བདེན་པ་གཉིས་ཀྱི་རང་བཞིན་ནི། །</l><l>འཇིག་རྟེན་ཀུན་རྫོབ་ཙམ་དུ་སྟེ། །</l><l>ཡང་དག་ཉིད་ལ་འབྲེལ་བ་མེད། །</l><l>སྟོང་པ་ཉིད་ཀྱི་དབྱིངས་ལས་ནི། །</l><l>དེ་ཡི་ངོ་བོ་ཐམས་ཅད་གྲོལ། །</l></lg></quote><p><app><lem wit="">ཅེས་</lem><rdg wit="Nd">ཞེས་</rdg></app>པ་དང༌། <title level="m" type="external">སྔ་མ་</title>ལས། </p><quote><lg><l>ཕུང་པོ་སྒྱུ་མ་སྤྲུལ་པ་བཞིན། །</l></lg></quote><p><app><lem wit="">ཅེས་</lem><rdg wit="Nd">ཞེས་</rdg></app>སོ། །</p><p><note type="footnote"> Concluding comments?</note>དེ་ལྟར་སྣོད་དང་བཅུད་ཀྱི་ཁམས་ཕུང་པོ་ལ་སོགས་པ་འདི་དག་ལ་འཁོར་བའི་ཆོས་སུ་བརྗོད་པས་ན། རང་བཞིན་ཤེས་ནས་མྱ་ངན་ལས་འདས་པ་སོ་སོ་ཡང་དག་པའི་ངོ་བོ་ཉིད་དོན་དམ་པའི་བདེན་པ་ལ་འཇུག་<milestone unit="page" n="86" ed="Ad"></milestone>པར་བྱེད་དོ། །འདིར་<title level="m" type="external">ཉི་ཟླ་ཁ་སྦྱོར་གྱི་རྒྱུད་</title>ལས། </p><quote><p>དེ་ཀུན་འཁོར་བའི་རྒྱུ་འབའ་ཞིག་ལགས་པས་</p></quote><p><app><lem wit="">ཅེས་</lem><rdg wit="Nd">ཞེས་</rdg></app>འབྱུང་བ་ཡིན་ནོ།། །།</p></div><div n="2"><head><num>2.3.6</num> ལེའུ་རེ་རེའི་མཇུག་གི་སྨོན་ལམ།</head><p><title level="m" lang="tib" type="internal">ཐེག་པའི་མཆོག་རིན་པོ་ཆེའི་མཛོད་</title>ལས། <title level="a" n="chapter" type="internal">འཁོར་བའི་ཆོས་རབ་ཏུ་དབྱེ་བ་སྟེ། རིམ་ཁང་གསུམ་པ</title>འོ།།  །།</p></div></div></body></text>
</TEI.2>
